metric,dimension,pearson_r,pearson_p,spearman_r,spearman_p
BERTscore,relevance,-0.7602686511,0.01069430135,-0.6606060606,0.03758837757
BERTscore,fluency,-0.4220001518,0.2244478613,-0.2,0.579584
BERTscore,coherence,-0.6300636685,0.05087428476,-0.5878787879,0.07387770689
BERTscore,likert_consistency,-0.6835698007,0.02930361997,-0.4303030303,0.2144923325
BERTscore,aggregate,-0.745914279,0.01324214875,-0.5151515152,0.1275528697
BLEU,relevance,-0.7854164576,0.00709449112,-0.6606060606,0.03758837757
BLEU,fluency,-0.5552487906,0.09567392256,-0.4787878788,0.161522928
BLEU,coherence,-0.6935392043,0.0261314085,-0.6242424242,0.05371776722
BLEU,likert_consistency,-0.8739803824,0.0009451387393,-0.7818181818,0.007547007781
BLEU,aggregate,-0.8705483301,0.001047846313,-0.7818181818,0.007547007781
BLEURT,relevance,0.1490516518,0.6810971319,-0.05454545455,0.8810361812
BLEURT,fluency,0.05172612676,0.8871513577,0.1878787879,0.60321761
BLEURT,coherence,0.07920648114,0.8278187386,0.05454545455,0.8810361812
BLEURT,likert_consistency,0.2058692866,0.5682668246,0.296969697,0.4047016713
BLEURT,aggregate,0.1445911625,0.6902369126,0.1151515152,0.7514196523
CIDEr,relevance,-0.340791362,0.3352318462,-0.4060606061,0.2442822941
CIDEr,fluency,-0.2998416063,0.3999526116,-0.5272727273,0.1173080656
CIDEr,coherence,-0.1935295758,0.5921567846,-0.3939393939,0.2599977668
CIDEr,likert_consistency,-0.511635799,0.1306243779,-0.6606060606,0.03758837757
CIDEr,aggregate,-0.4086694796,0.2409711126,-0.6727272727,0.03304122255
ChrF,relevance,-0.8291137914,0.003018921868,-0.9151515152,0.0002044724061
ChrF,fluency,-0.4379626313,0.205537339,-0.3939393939,0.2599977668
ChrF,coherence,-0.6137918719,0.05908297422,-0.6363636364,0.04791172613
ChrF,likert_consistency,-0.7208367989,0.01866402331,-0.6848484848,0.02888279751
ChrF,aggregate,-0.7801747913,0.00776032957,-0.7939393939,0.006099923314
ChrF+,relevance,-0.8463221841,0.002018364515,-0.9151515152,0.0002044724061
ChrF+,fluency,-0.4523999437,0.1892573395,-0.3939393939,0.2599977668
ChrF+,coherence,-0.6199341749,0.05588871011,-0.6363636364,0.04791172613
ChrF+,likert_consistency,-0.7369918447,0.01502395096,-0.6848484848,0.02888279751
ChrF+,aggregate,-0.7969028884,0.005778669171,-0.7939393939,0.006099923314
ChrF++,relevance,-0.8582924604,0.001481561418,-0.9151515152,0.0002044724061
ChrF++,fluency,-0.4705414425,0.1699099078,-0.3939393939,0.2599977668
ChrF++,coherence,-0.6300009588,0.05090437062,-0.6363636364,0.04791172613
ChrF++,likert_consistency,-0.7549714333,0.01159026912,-0.6848484848,0.02888279751
ChrF++,aggregate,-0.8147402437,0.004093914392,-0.7939393939,0.006099923314
FactCC,relevance,-0.2818285364,0.4301775592,-0.3454545455,0.3282265115
FactCC,fluency,0.2513969631,0.483526892,0.1757575758,0.6271883448
FactCC,coherence,0.06855725923,0.8507338789,0.07878787879,0.8287173947
FactCC,likert_consistency,0.1200598695,0.7411220675,0.04242424242,0.9073638178
FactCC,aggregate,0.04800568046,0.8952292454,-0.05454545455,0.8810361812
FEQA,relevance,0.2597593329,0.4685900028,0.296969697,0.4047016713
FEQA,fluency,0.217479143,0.546133979,0.2363636364,0.5108853175
FEQA,coherence,0.1444856387,0.6904535788,0.05454545455,0.8810361812
FEQA,likert_consistency,0.3076274253,0.3872134705,0.2121212121,0.5563057751
FEQA,aggregate,0.2835220155,0.4272920314,0.296969697,0.4047016713
METEOR,relevance,-0.8100191707,0.004500005904,-0.8666666667,0.00117353818
METEOR,fluency,-0.4847772831,0.15559064,-0.4303030303,0.2144923325
METEOR,coherence,-0.6353744022,0.04836909434,-0.5393939394,0.1075931878
METEOR,likert_consistency,-0.7574979757,0.0111566135,-0.6484848485,0.04254012768
METEOR,aggregate,-0.806185017,0.004850376107,-0.7333333333,0.01580059625
MoverScore,relevance,-0.7391591877,0.01457663523,-0.7090909091,0.02166592337
MoverScore,fluency,-0.4474782178,0.1947192827,-0.3454545455,0.3282265115
MoverScore,coherence,-0.5988047789,0.06737569345,-0.6121212121,0.05997214248
MoverScore,likert_consistency,-0.7535838421,0.01183340033,-0.6242424242,0.05371776722
MoverScore,aggregate,-0.7599284271,0.01075033162,-0.6242424242,0.05371776722
NIST,relevance,-0.7137896408,0.02042787918,-0.7575757576,0.0111434468
NIST,fluency,-0.4086501504,0.2409955522,-0.4303030303,0.2144923325
NIST,coherence,-0.6229632071,0.05435642951,-0.5878787879,0.07387770689
NIST,likert_consistency,-0.7658759317,0.009800181651,-0.8060606061,0.004862061102
NIST,aggregate,-0.7477844867,0.01288835944,-0.7939393939,0.006099923314
NUBIA,relevance,-0.4056721898,0.2447774363,-0.1151515152,0.7514196523
NUBIA,fluency,0.0255470024,0.9441523907,0.06666666667,0.8548130882
NUBIA,coherence,-0.6228007848,0.05443787862,-0.4303030303,0.2144923325
NUBIA,likert_consistency,-0.1115194332,0.7590625574,-0.006060606061,0.9867429112
NUBIA,aggregate,-0.3112377639,0.3813741439,-0.3090909091,0.3848412303
Prism,relevance,0.277347957,0.4378553056,0.2242424242,0.5334005613
Prism,fluency,0.1691998732,0.6402906577,0.1515151515,0.676065176
Prism,coherence,-0.2219451304,0.5377122679,-0.103030303,0.7769984634
Prism,likert_consistency,-0.03755295863,0.9179686509,-0.01818181818,0.9602404181
Prism,aggregate,0.08184471256,0.8221591571,0.0303030303,0.9337729581
QAFactEval,relevance,-0.4727889863,0.1675988489,-0.4303030303,0.2144923325
QAFactEval,fluency,-0.4102935929,0.2389225797,-0.1636363636,0.6514773428
QAFactEval,coherence,-0.2229073296,0.5359046537,-0.1757575758,0.6271883448
QAFactEval,likert_consistency,-0.4509338326,0.1908748581,-0.1757575758,0.6271883448
QAFactEval,aggregate,-0.4800503839,0.1602613342,-0.1515151515,0.676065176
ROUGE-1,relevance,-0.7703767925,0.009121660814,-0.7939393939,0.006099923314
ROUGE-1,fluency,-0.3569141973,0.3113368821,-0.3575757576,0.3103760917
ROUGE-1,coherence,-0.5973447713,0.06822200586,-0.6484848485,0.04254012768
ROUGE-1,likert_consistency,-0.730569133,0.01640562006,-0.6727272727,0.03304122255
ROUGE-1,aggregate,-0.7315337782,0.01619268165,-0.7454545455,0.01333014632
ROUGE-2,relevance,-0.7632994507,0.01020419923,-0.7090909091,0.02166592337
ROUGE-2,fluency,-0.5220160659,0.1216855211,-0.3454545455,0.3282265115
ROUGE-2,coherence,-0.61679659,0.05750574401,-0.6121212121,0.05997214248
ROUGE-2,likert_consistency,-0.8017683795,0.005277637338,-0.6242424242,0.05371776722
ROUGE-2,aggregate,-0.8119342315,0.004331961898,-0.6242424242,0.05371776722
ROUGE-L,relevance,-0.6058494964,0.06338862332,-0.5757575758,0.08155281477
ROUGE-L,fluency,-0.5075880874,0.1342166912,-0.5272727273,0.1173080656
ROUGE-L,coherence,-0.5876684136,0.07400674379,-0.6484848485,0.04254012768
ROUGE-L,likert_consistency,-0.7447637244,0.01346314419,-0.6727272727,0.03304122255
ROUGE-L,aggregate,-0.732508809,0.01597941265,-0.7090909091,0.02166592337
ROUGE-Lsum,relevance,-0.6058494964,0.06338862332,-0.5757575758,0.08155281477
ROUGE-Lsum,fluency,-0.5075880874,0.1342166912,-0.5272727273,0.1173080656
ROUGE-Lsum,coherence,-0.5876684136,0.07400674379,-0.6484848485,0.04254012768
ROUGE-Lsum,likert_consistency,-0.7447637244,0.01346314419,-0.6727272727,0.03304122255
ROUGE-Lsum,aggregate,-0.732508809,0.01597941265,-0.7090909091,0.02166592337
SummaC,relevance,0.6055220158,0.06357044377,0.696969697,0.02509667588
SummaC,fluency,0.101181114,0.7809183581,0.103030303,0.7769984634
SummaC,coherence,0.46938293,0.1711085452,0.2848484848,0.4250381549
SummaC,likert_consistency,0.4486384784,0.1934234727,0.3939393939,0.2599977668
SummaC,aggregate,0.4767940723,0.1635274154,0.4060606061,0.2442822941
TER,relevance,-0.3488315635,0.323201049,-0.4787878788,0.161522928
TER,fluency,-0.4469576926,0.1953022624,-0.5272727273,0.1173080656
TER,coherence,-0.06838305856,0.8511096085,-0.296969697,0.4047016713
TER,likert_consistency,-0.2453960591,0.4943707963,-0.4545454545,0.1869048103
TER,aggregate,-0.3554434395,0.3134784693,-0.5757575758,0.08155281477
WER,relevance,-0.4658514753,0.1747933318,-0.6848484848,0.02888279751
WER,fluency,-0.09919302865,0.7851376442,-0.07878787879,0.8287173947
WER,coherence,-0.2784983504,0.4358780683,-0.3575757576,0.3103760917
WER,likert_consistency,-0.2227224485,0.5362517868,-0.3212121212,0.3654683104
WER,aggregate,-0.3186590407,0.3695077444,-0.4424242424,0.2004226867
Yules_I,relevance,0.5781450514,0.08000216458,0.6606060606,0.03758837757
Yules_I,fluency,0.05224268582,0.8860305209,0.1515151515,0.676065176
Yules_I,coherence,0.5191775276,0.1240909273,0.5151515152,0.1275528697
Yules_I,likert_consistency,0.2821073647,0.4297018429,0.2606060606,0.4670890544
Yules_I,aggregate,0.4162542809,0.2314884725,0.503030303,0.1383336984